feature,importance_mean,importance_std,model
months_delayed_6m,0.068293,0.002757,logistic_regression
pay_sep,0.014173,0.001188,logistic_regression
log_limit_bal,0.00416,0.000813,logistic_regression
bill_amt_aug,0.002973,0.001048,logistic_regression
bill_amt_may,0.002413,0.000959,logistic_regression
education_label,0.00208,0.000378,logistic_regression
pay_jun,0.00196,0.000872,logistic_regression
pay_apr,0.001507,0.00069,logistic_regression
bill_amt_apr,0.001347,0.000736,logistic_regression
pay_may,0.001213,0.00046,logistic_regression
bill_amt_jul,0.00112,0.000825,logistic_regression
pay_aug,0.001107,0.000718,logistic_regression
pay_amt_aug,0.00104,0.000314,logistic_regression
utilization_sep,0.000947,0.000318,logistic_regression
limit_bal,0.000933,0.000667,logistic_regression
bill_amt_jun,0.000933,0.00062,logistic_regression
bill_amt_sep,0.00088,0.000569,logistic_regression
pay_amt_sep,0.000867,0.00056,logistic_regression
marriage_label,0.000853,0.000757,logistic_regression
pay_jul,0.000547,0.000375,logistic_regression
pay_amt_apr,0.00044,0.000363,logistic_regression
age,0.000347,0.000364,logistic_regression
pay_amt_jun,6.7e-05,0.000354,logistic_regression
pay_amt_jul,1.3e-05,7.2e-05,logistic_regression
payment_ratio_sep,0.0,0.0,logistic_regression
pay_amt_may,-4e-05,8.5e-05,logistic_regression
pay_sep,0.024747,0.001153,random_forest
months_delayed_6m,0.008147,0.000977,random_forest
limit_bal,0.0008,0.000298,random_forest
pay_amt_apr,0.000707,0.000396,random_forest
pay_may,0.00068,0.000375,random_forest
education_label,0.00048,0.000232,random_forest
utilization_sep,0.00048,0.000537,random_forest
payment_ratio_sep,0.00044,0.000477,random_forest
pay_apr,0.000293,0.000331,random_forest
age,0.00028,0.000242,random_forest
pay_jul,0.0002,0.000514,random_forest
marriage_label,0.000173,0.000189,random_forest
pay_amt_jun,0.000173,0.000466,random_forest
pay_amt_may,5.3e-05,0.000585,random_forest
pay_amt_jul,4e-05,0.000292,random_forest
bill_amt_may,-2.7e-05,0.000326,random_forest
bill_amt_aug,-8e-05,0.000414,random_forest
log_limit_bal,-0.000133,0.000327,random_forest
pay_jun,-0.000133,0.000358,random_forest
pay_amt_aug,-0.000147,0.000689,random_forest
bill_amt_apr,-0.000147,0.00046,random_forest
bill_amt_jul,-0.000187,0.000299,random_forest
bill_amt_sep,-0.0002,0.000588,random_forest
pay_amt_sep,-0.00024,0.000404,random_forest
bill_amt_jun,-0.000547,0.000318,random_forest
pay_aug,-0.000627,0.00054,random_forest
pay_sep,0.058453,0.001435,gradient_boosting
months_delayed_6m,0.00844,0.001271,gradient_boosting
bill_amt_sep,0.004933,0.000845,gradient_boosting
utilization_sep,0.002253,0.000834,gradient_boosting
payment_ratio_sep,0.00184,0.000735,gradient_boosting
education_label,0.001253,0.000563,gradient_boosting
age,0.00112,0.000299,gradient_boosting
bill_amt_jul,0.001053,0.001187,gradient_boosting
bill_amt_jun,0.001027,0.000488,gradient_boosting
pay_amt_jul,0.00092,0.000601,gradient_boosting
bill_amt_aug,0.000907,0.000505,gradient_boosting
pay_jul,0.000773,0.000347,gradient_boosting
pay_amt_sep,0.00076,0.000945,gradient_boosting
bill_amt_may,0.000707,0.00053,gradient_boosting
pay_amt_jun,0.00016,0.000205,gradient_boosting
bill_amt_apr,0.000147,0.000424,gradient_boosting
log_limit_bal,9.3e-05,0.000553,gradient_boosting
limit_bal,2.7e-05,0.000441,gradient_boosting
marriage_label,1.3e-05,0.000497,gradient_boosting
pay_aug,-2.7e-05,0.000259,gradient_boosting
pay_amt_apr,-2.7e-05,0.000536,gradient_boosting
pay_jun,-9.3e-05,0.000198,gradient_boosting
pay_apr,-0.000253,0.000111,gradient_boosting
pay_amt_aug,-0.00028,0.000649,gradient_boosting
pay_may,-0.00028,0.00037,gradient_boosting
pay_amt_may,-0.000427,0.000495,gradient_boosting
